"model","rmse","r2"
"baseline",0.485096684982658,0.159199593531998
"location",0.373207051858064,0.502336279551164
